[
  {
    "icon": "fa fa-home",
    "slug": "external",
    "title": "Volver al inicio",
    "path": "index.html"
  },  
  
  { 
    "id": 1,
    "icon": "fa fa-play-circle",
    "slug": "introduccion",
    "title": "1. Introducción",
    "breadcrumb": ["Inicio","Introducción"],
    "path": "pages/1-tema.html"   
  },
  { 
    "id": 1,
    "icon": "fa fa-file-text",
    "slug": "documentos",
    "title": "2. Documentos soporte de la evaluación",
    "breadcrumb": ["Inicio","Introducción"],
    "path": "pages/2-tema.html"   
  },
  { 
    "id": 1,
    "icon": "fa fa-file-text",
    "slug": "fce",
    "title": "3. Estructura de un proyecto de FCE",
    "breadcrumb": ["Inicio","Introducción"],
    "path": "pages/3-tema.html"   
  },
  { 
    "id": 1,
    "icon": "fa fa-file-text",
    "slug": "pfce",
    "title": "4. Análisis y comprensión de la ficha de evaluación del Programa de Formación Continua Especializada -PFCE.",
    "breadcrumb": ["Inicio","Introducción"],
    "path": "pages/4-tema.html"   
  } 
]